<?xml version="1.0" encoding="UTF-8"?>
<ConnectedApp xmlns="http://soap.sforce.com/2006/04/metadata">
    <contactEmail>sbarrett@gobrio.com</contactEmail>
    <label>LitifyMDAPI</label>
    <oauthConfig>
        <callbackUrl>DOMAIN/services/authcallback/LitifyMDAPI</callbackUrl>
        <consumerSecret>OTA4MjM0cmhzYmVma3VzZSFZYXlUZXN0ITkwODIzNHJoc2JlZmt1c2U=</consumerSecret >
        <isAdminApproved>true</isAdminApproved>
        <isConsumerSecretOptional>false</isConsumerSecretOptional>
        <isIntrospectAllTokens>false</isIntrospectAllTokens>
        <isSecretRequiredForRefreshToken>true</isSecretRequiredForRefreshToken>
        <scopes>Full</scopes>
        <scopes>RefreshToken</scopes>
    </oauthConfig>
    <oauthPolicy>
        <ipRelaxation>ENFORCE</ipRelaxation>
        <refreshTokenPolicy>infinite</refreshTokenPolicy>
    </oauthPolicy>
</ConnectedApp>
