<?xml version="1.0" encoding="UTF-8"?>
<FlexiPage xmlns="http://soap.sforce.com/2006/04/metadata">
    <flexiPageRegions>
        <itemInstances>
            <componentInstance>
                <componentInstanceProperties>
                    <name>fieldApiName</name>
                    <value>litify_pm__Display_Name__c</value>
                </componentInstanceProperties>
                <componentName>OverrideBrowserTabTitle</componentName>
                <identifier>c_OverrideBrowserTabTitle</identifier>
            </componentInstance>
        </itemInstances>
        <itemInstances>
            <componentInstance>
                <componentInstanceProperties>
                    <name>barHtmlColor</name>
                    <value>Brown</value>
                </componentInstanceProperties>
                <componentInstanceProperties>
                    <name>barSize</name>
                    <value>12</value>
                </componentInstanceProperties>
                <componentInstanceProperties>
                    <name>iconName</name>
                    <value>warning</value>
                </componentInstanceProperties>
                <componentInstanceProperties>
                    <name>iconSize</name>
                    <value>xx-small</value>
                </componentInstanceProperties>
                <componentInstanceProperties>
                    <name>showIcon</name>
                    <value>true</value>
                </componentInstanceProperties>
                <componentInstanceProperties>
                    <name>textInverted</name>
                    <value>true</value>
                </componentInstanceProperties>
                <componentInstanceProperties>
                    <name>textSize</name>
                    <value>default</value>
                </componentInstanceProperties>
                <componentName>mgbanners:mgCustomBannerBar</componentName>
                <identifier>mgbanners_mgCustomBannerBar4</identifier>
                <visibilityRule>
                    <criteria>
                        <leftValue>{!Record.Difficult_client__c}</leftValue>
                        <operator>EQUAL</operator>
                        <rightValue>true</rightValue>
                    </criteria>
                </visibilityRule>
            </componentInstance>
        </itemInstances>
        <itemInstances>
            <componentInstance>
                <componentInstanceProperties>
                    <name>barHtmlColor</name>
                    <value>RED</value>
                </componentInstanceProperties>
                <componentInstanceProperties>
                    <name>barSize</name>
                    <value>12</value>
                </componentInstanceProperties>
                <componentInstanceProperties>
                    <name>barText</name>
                    <value>Case Stage Overdue</value>
                </componentInstanceProperties>
                <componentInstanceProperties>
                    <name>iconName</name>
                    <value>alert</value>
                </componentInstanceProperties>
                <componentInstanceProperties>
                    <name>iconSize</name>
                    <value>x-small</value>
                </componentInstanceProperties>
                <componentInstanceProperties>
                    <name>showIcon</name>
                    <value>true</value>
                </componentInstanceProperties>
                <componentInstanceProperties>
                    <name>textInverted</name>
                    <value>true</value>
                </componentInstanceProperties>
                <componentInstanceProperties>
                    <name>textSize</name>
                    <value>medium</value>
                </componentInstanceProperties>
                <componentName>mgbanners:mgCustomBannerBar</componentName>
                <identifier>mgbanners_mgCustomBannerBar</identifier>
                <visibilityRule>
                    <criteria>
                        <leftValue>{!Record.Is_Stage_Overdue__c}</leftValue>
                        <operator>EQUAL</operator>
                        <rightValue>true</rightValue>
                    </criteria>
                </visibilityRule>
            </componentInstance>
        </itemInstances>
        <itemInstances>
            <componentInstance>
                <componentInstanceProperties>
                    <name>barHtmlColor</name>
                    <value>Green</value>
                </componentInstanceProperties>
                <componentInstanceProperties>
                    <name>barSize</name>
                    <value>12</value>
                </componentInstanceProperties>
                <componentInstanceProperties>
                    <name>barText</name>
                    <value>DORMANT</value>
                </componentInstanceProperties>
                <componentInstanceProperties>
                    <name>iconName</name>
                    <value>moneybag</value>
                </componentInstanceProperties>
                <componentInstanceProperties>
                    <name>iconSize</name>
                    <value>x-small</value>
                </componentInstanceProperties>
                <componentInstanceProperties>
                    <name>showIcon</name>
                    <value>true</value>
                </componentInstanceProperties>
                <componentInstanceProperties>
                    <name>textInverted</name>
                    <value>true</value>
                </componentInstanceProperties>
                <componentInstanceProperties>
                    <name>textSize</name>
                    <value>default</value>
                </componentInstanceProperties>
                <componentName>mgbanners:mgCustomBannerBar</componentName>
                <identifier>mgbanners_mgCustomBannerBar2</identifier>
                <visibilityRule>
                    <criteria>
                        <leftValue>{!Record.Dormant__c}</leftValue>
                        <operator>EQUAL</operator>
                        <rightValue>true</rightValue>
                    </criteria>
                </visibilityRule>
            </componentInstance>
        </itemInstances>
        <itemInstances>
            <componentInstance>
                <componentInstanceProperties>
                    <name>barHtmlColor</name>
                    <value>RED</value>
                </componentInstanceProperties>
                <componentInstanceProperties>
                    <name>barSize</name>
                    <value>12</value>
                </componentInstanceProperties>
                <componentInstanceProperties>
                    <name>barText</name>
                </componentInstanceProperties>
                <componentInstanceProperties>
                    <name>iconName</name>
                    <value>warning</value>
                </componentInstanceProperties>
                <componentInstanceProperties>
                    <name>iconSize</name>
                    <value>xx-small</value>
                </componentInstanceProperties>
                <componentInstanceProperties>
                    <name>showIcon</name>
                    <value>true</value>
                </componentInstanceProperties>
                <componentInstanceProperties>
                    <name>textInverted</name>
                    <value>true</value>
                </componentInstanceProperties>
                <componentInstanceProperties>
                    <name>textSize</name>
                    <value>medium</value>
                </componentInstanceProperties>
                <componentName>mgbanners:mgCustomBannerBar</componentName>
                <identifier>mgbanners_mgCustomBannerBar3</identifier>
                <visibilityRule>
                    <criteria>
                        <leftValue>{!Record.Is_Flagged_Client__c}</leftValue>
                        <operator>EQUAL</operator>
                        <rightValue>true</rightValue>
                    </criteria>
                </visibilityRule>
            </componentInstance>
        </itemInstances>
        <itemInstances>
            <componentInstance>
                <componentInstanceProperties>
                    <name>behavior</name>
                    <value>Not Dismissable</value>
                </componentInstanceProperties>
                <componentInstanceProperties>
                    <name>message</name>
                    <value>Statute of Limitations is Within 30 Days.</value>
                </componentInstanceProperties>
                <componentInstanceProperties>
                    <name>type</name>
                    <value>Warning</value>
                </componentInstanceProperties>
                <componentName>litify_pm:simpleAlert</componentName>
                <identifier>litify_pm_simpleAlert</identifier>
                <visibilityRule>
                    <criteria>
                        <leftValue>{!Record.Statute_of_Limitations_Within_30_Days__c}</leftValue>
                        <operator>EQUAL</operator>
                        <rightValue>true</rightValue>
                    </criteria>
                </visibilityRule>
            </componentInstance>
        </itemInstances>
        <itemInstances>
            <componentInstance>
                <componentInstanceProperties>
                    <name>behavior</name>
                    <value>Not Dismissable</value>
                </componentInstanceProperties>
                <componentInstanceProperties>
                    <name>message</name>
                    <value>Statute of Limitations is Within 60 Days.</value>
                </componentInstanceProperties>
                <componentInstanceProperties>
                    <name>type</name>
                    <value>Warning</value>
                </componentInstanceProperties>
                <componentName>litify_pm:simpleAlert</componentName>
                <identifier>litify_pm_simpleAlert2</identifier>
                <visibilityRule>
                    <criteria>
                        <leftValue>{!Record.Statute_of_Limitations_Within_60_Days__c}</leftValue>
                        <operator>EQUAL</operator>
                        <rightValue>true</rightValue>
                    </criteria>
                </visibilityRule>
            </componentInstance>
        </itemInstances>
        <itemInstances>
            <componentInstance>
                <componentInstanceProperties>
                    <name>actionNames</name>
                    <valueList>
                        <valueListItems>
                            <value>litify_pm__Matter__c.New_Resolution_flow</value>
                        </valueListItems>
                        <valueListItems>
                            <value>litify_pm__Matter__c.Send_to_Litigation</value>
                        </valueListItems>
                        <valueListItems>
                            <value>litify_pm__Matter__c.Update_Matter_Plan</value>
                        </valueListItems>
                        <valueListItems>
                            <value>litify_pm__Matter__c.Dormant_QC</value>
                        </valueListItems>
                        <valueListItems>
                            <value>litify_pm__Matter__c.New_Hearing_PI</value>
                        </valueListItems>
                        <valueListItems>
                            <value>litify_pm__Matter__c.New_Deposition_PI</value>
                        </valueListItems>
                        <valueListItems>
                            <value>litify_pm__Matter__c.Close_Case</value>
                        </valueListItems>
                        <valueListItems>
                            <value>litify_pm__Matter__c.New_Negotiation_screen</value>
                            <visibilityRule>
                                <criteria>
                                    <leftValue>{!$Permission.CustomPermission.Attorney}</leftValue>
                                    <operator>EQUAL</operator>
                                    <rightValue>true</rightValue>
                                </criteria>
                            </visibilityRule>
                        </valueListItems>
                        <valueListItems>
                            <value>litify_pm__Matter__c.New_Task_Matter</value>
                        </valueListItems>
                        <valueListItems>
                            <value>Global.litify_tso_LogACall</value>
                        </valueListItems>
                        <valueListItems>
                            <value>Global.litify_tso_NewEvent</value>
                        </valueListItems>
                        <valueListItems>
                            <value>litify_pm__Matter__c.PI_PREVIEW</value>
                        </valueListItems>
                        <valueListItems>
                            <value>litify_pm__Matter__c.New_Subbed_Case_Invoice</value>
                        </valueListItems>
                        <valueListItems>
                            <value>litify_pm__Matter__c.litify_pm__Litify_Actions</value>
                        </valueListItems>
                        <valueListItems>
                            <value>litify_pm__Matter__c.litify_pm__Companion</value>
                        </valueListItems>
                        <valueListItems>
                            <value>litify_pm__Matter__c.Clone_to_Companions</value>
                        </valueListItems>
                        <valueListItems>
                            <value>litify_pm__Matter__c.File_Review</value>
                        </valueListItems>
                    </valueList>
                </componentInstanceProperties>
                <componentInstanceProperties>
                    <name>collapsed</name>
                    <value>false</value>
                </componentInstanceProperties>
                <componentInstanceProperties>
                    <name>enableActionsConfiguration</name>
                    <value>true</value>
                </componentInstanceProperties>
                <componentInstanceProperties>
                    <name>enableActionsInNative</name>
                    <value>true</value>
                </componentInstanceProperties>
                <componentInstanceProperties>
                    <name>hideChatterActions</name>
                    <value>true</value>
                </componentInstanceProperties>
                <componentInstanceProperties>
                    <name>numVisibleActions</name>
                    <value>7</value>
                </componentInstanceProperties>
                <componentName>force:highlightsPanel</componentName>
                <identifier>force_highlightsPanel</identifier>
            </componentInstance>
        </itemInstances>
        <itemInstances>
            <componentInstance>
                <componentInstanceProperties>
                    <name>hideHeader</name>
                    <value>false</value>
                </componentInstanceProperties>
                <componentName>force:relatedListQuickLinksContainer</componentName>
                <identifier>force_relatedListQuickLinksContainer</identifier>
            </componentInstance>
        </itemInstances>
        <itemInstances>
            <componentInstance>
                <componentName>litify_pm:matterCurrentStatus</componentName>
                <identifier>litify_pm_matterCurrentStatus</identifier>
            </componentInstance>
        </itemInstances>
        <name>header</name>
        <type>Region</type>
    </flexiPageRegions>
    <flexiPageRegions>
        <itemInstances>
            <componentInstance>
                <componentName>force:detailPanel</componentName>
                <identifier>force_detailPanel</identifier>
            </componentInstance>
        </itemInstances>
        <name>Facet-5a114014-d095-48a2-9786-4965f8fd2be3</name>
        <type>Facet</type>
    </flexiPageRegions>
    <flexiPageRegions>
        <itemInstances>
            <componentInstance>
                <componentInstanceProperties>
                    <name>lookupFieldName</name>
                    <value>litify_pm__Matter__c.Id</value>
                </componentInstanceProperties>
                <componentInstanceProperties>
                    <name>updateQuickActionName</name>
                    <value>litify_pm__Matter__c.Police_Report</value>
                </componentInstanceProperties>
                <componentName>console:relatedRecord</componentName>
                <identifier>console_relatedRecord</identifier>
            </componentInstance>
        </itemInstances>
        <name>Facet-5921bb8b-2a08-40e7-b7f2-3bde738f9f12</name>
        <type>Facet</type>
    </flexiPageRegions>
    <flexiPageRegions>
        <itemInstances>
            <componentInstance>
                <componentInstanceProperties>
                    <name>parentFieldApiName</name>
                    <value>litify_pm__Matter__c.Id</value>
                </componentInstanceProperties>
                <componentInstanceProperties>
                    <name>relatedListApiName</name>
                    <value>Vehicles__r</value>
                </componentInstanceProperties>
                <componentInstanceProperties>
                    <name>relatedListComponentOverride</name>
                    <value>NONE</value>
                </componentInstanceProperties>
                <componentInstanceProperties>
                    <name>rowsToDisplay</name>
                    <value>10</value>
                </componentInstanceProperties>
                <componentInstanceProperties>
                    <name>showActionBar</name>
                    <value>true</value>
                </componentInstanceProperties>
                <componentName>force:relatedListSingleContainer</componentName>
                <identifier>force_relatedListSingleContainer</identifier>
            </componentInstance>
        </itemInstances>
        <name>Facet-fdd757b9-b65f-462b-b007-effa5cb6bf39</name>
        <type>Facet</type>
    </flexiPageRegions>
    <flexiPageRegions>
        <itemInstances>
            <componentInstance>
                <componentInstanceProperties>
                    <name>body</name>
                    <value>Facet-5921bb8b-2a08-40e7-b7f2-3bde738f9f12</value>
                </componentInstanceProperties>
                <componentInstanceProperties>
                    <name>label</name>
                    <value>Report</value>
                </componentInstanceProperties>
                <componentInstanceProperties>
                    <name>name</name>
                    <value>accordionSection1</value>
                </componentInstanceProperties>
                <componentName>flexipage:accordionSection</componentName>
                <identifier>customSection</identifier>
            </componentInstance>
        </itemInstances>
        <itemInstances>
            <componentInstance>
                <componentInstanceProperties>
                    <name>body</name>
                    <value>Facet-fdd757b9-b65f-462b-b007-effa5cb6bf39</value>
                </componentInstanceProperties>
                <componentInstanceProperties>
                    <name>label</name>
                    <value>Vehicles</value>
                </componentInstanceProperties>
                <componentInstanceProperties>
                    <name>name</name>
                    <value>accordionSection2</value>
                </componentInstanceProperties>
                <componentName>flexipage:accordionSection</componentName>
                <identifier>customSection2</identifier>
            </componentInstance>
        </itemInstances>
        <name>Facet-40c10fd0-999b-40e2-ab9e-4c136d34fe6a</name>
        <type>Facet</type>
    </flexiPageRegions>
    <flexiPageRegions>
        <itemInstances>
            <componentInstance>
                <componentInstanceProperties>
                    <name>accordionSections</name>
                    <value>Facet-40c10fd0-999b-40e2-ab9e-4c136d34fe6a</value>
                </componentInstanceProperties>
                <componentName>flexipage:accordion</componentName>
                <identifier>flexipage_accordion</identifier>
            </componentInstance>
        </itemInstances>
        <name>Facet-c2bc7221-4bc0-4c11-8eb9-c265b81c8fa2</name>
        <type>Facet</type>
    </flexiPageRegions>
    <flexiPageRegions>
        <itemInstances>
            <componentInstance>
                <componentInstanceProperties>
                    <name>parentFieldApiName</name>
                    <value>litify_pm__Matter__c.Id</value>
                </componentInstanceProperties>
                <componentInstanceProperties>
                    <name>relatedListApiName</name>
                    <value>Witnesses__r</value>
                </componentInstanceProperties>
                <componentInstanceProperties>
                    <name>relatedListComponentOverride</name>
                    <value>NONE</value>
                </componentInstanceProperties>
                <componentInstanceProperties>
                    <name>rowsToDisplay</name>
                    <value>10</value>
                </componentInstanceProperties>
                <componentInstanceProperties>
                    <name>showActionBar</name>
                    <value>true</value>
                </componentInstanceProperties>
                <componentName>force:relatedListSingleContainer</componentName>
                <identifier>force_relatedListSingleContainer2</identifier>
            </componentInstance>
        </itemInstances>
        <name>Facet-oyt4qn6ntyh</name>
        <type>Facet</type>
    </flexiPageRegions>
    <flexiPageRegions>
        <itemInstances>
            <componentInstance>
                <componentInstanceProperties>
                    <name>active</name>
                    <value>true</value>
                </componentInstanceProperties>
                <componentInstanceProperties>
                    <name>body</name>
                    <value>Facet-5a114014-d095-48a2-9786-4965f8fd2be3</value>
                </componentInstanceProperties>
                <componentInstanceProperties>
                    <name>title</name>
                    <value>Case Information</value>
                </componentInstanceProperties>
                <componentName>flexipage:tab</componentName>
                <identifier>customTab</identifier>
            </componentInstance>
        </itemInstances>
        <itemInstances>
            <componentInstance>
                <componentInstanceProperties>
                    <name>body</name>
                    <value>Facet-c2bc7221-4bc0-4c11-8eb9-c265b81c8fa2</value>
                </componentInstanceProperties>
                <componentInstanceProperties>
                    <name>title</name>
                    <value>Police Report</value>
                </componentInstanceProperties>
                <componentName>flexipage:tab</componentName>
                <identifier>customTab2</identifier>
            </componentInstance>
        </itemInstances>
        <itemInstances>
            <componentInstance>
                <componentInstanceProperties>
                    <name>body</name>
                    <value>Facet-oyt4qn6ntyh</value>
                </componentInstanceProperties>
                <componentInstanceProperties>
                    <name>title</name>
                    <value>Witnesses</value>
                </componentInstanceProperties>
                <componentName>flexipage:tab</componentName>
                <identifier>customTab3</identifier>
            </componentInstance>
        </itemInstances>
        <name>Facet-a98692ea-8218-4b2a-93f4-7c96007f63ba</name>
        <type>Facet</type>
    </flexiPageRegions>
    <flexiPageRegions>
        <itemInstances>
            <componentInstance>
                <componentInstanceProperties>
                    <name>tabs</name>
                    <value>Facet-a98692ea-8218-4b2a-93f4-7c96007f63ba</value>
                </componentInstanceProperties>
                <componentName>flexipage:tabset</componentName>
                <identifier>flexipage_tabset</identifier>
            </componentInstance>
        </itemInstances>
        <name>Facet-914bff21-2930-4981-bc7c-0c8e1db548c0</name>
        <type>Facet</type>
    </flexiPageRegions>
    <flexiPageRegions>
        <itemInstances>
            <componentInstance>
                <componentName>convert_to_multiple</componentName>
                <identifier>convert_to_multiple</identifier>
                <visibilityRule>
                    <criteria>
                        <leftValue>{!$Permission.CustomPermission.Convert_To_Multiple}</leftValue>
                        <operator>EQUAL</operator>
                        <rightValue>true</rightValue>
                    </criteria>
                </visibilityRule>
            </componentInstance>
        </itemInstances>
        <itemInstances>
            <componentInstance>
                <componentInstanceProperties>
                    <name>parentFieldApiName</name>
                    <value>litify_pm__Matter__c.Id</value>
                </componentInstanceProperties>
                <componentInstanceProperties>
                    <name>relatedListApiName</name>
                    <value>Cases_Litify__r</value>
                </componentInstanceProperties>
                <componentInstanceProperties>
                    <name>relatedListComponentOverride</name>
                    <value>ADVGRID</value>
                </componentInstanceProperties>
                <componentInstanceProperties>
                    <name>rowsToDisplay</name>
                    <value>10</value>
                </componentInstanceProperties>
                <componentInstanceProperties>
                    <name>showActionBar</name>
                    <value>true</value>
                </componentInstanceProperties>
                <componentName>force:relatedListSingleContainer</componentName>
                <identifier>force_relatedListSingleContainer3</identifier>
            </componentInstance>
        </itemInstances>
        <name>Facet-d6b432c1-b5e6-4132-82a2-0501f20aa0e1</name>
        <type>Facet</type>
    </flexiPageRegions>
    <flexiPageRegions>
        <itemInstances>
            <componentInstance>
                <componentInstanceProperties>
                    <name>hideColorColumn</name>
                    <value>false</value>
                </componentInstanceProperties>
                <componentInstanceProperties>
                    <name>recordCount</name>
                    <value>50</value>
                </componentInstanceProperties>
                <componentInstanceProperties>
                    <name>stickyFooter</name>
                    <value>true</value>
                </componentInstanceProperties>
                <componentInstanceProperties>
                    <name>wrapOrClip</name>
                    <value>Clip</value>
                </componentInstanceProperties>
                <componentName>litify_pm:TaskListEditor</componentName>
                <identifier>litify_pm_TaskListEditor</identifier>
            </componentInstance>
        </itemInstances>
        <name>Facet-f3eefe23-b73d-4ae3-a532-0f7903bb4560</name>
        <type>Facet</type>
    </flexiPageRegions>
    <flexiPageRegions>
        <itemInstances>
            <componentInstance>
                <componentName>litify_docs:dataExplorer</componentName>
                <identifier>litify_docs_dataExplorer</identifier>
            </componentInstance>
        </itemInstances>
        <name>Facet-git1nuw3n6a</name>
        <type>Facet</type>
    </flexiPageRegions>
    <flexiPageRegions>
        <itemInstances>
            <componentInstance>
                <componentInstanceProperties>
                    <name>createdByColumn</name>
                    <value>Created By</value>
                </componentInstanceProperties>
                <componentInstanceProperties>
                    <name>dateColumn</name>
                    <value>Date</value>
                </componentInstanceProperties>
                <componentInstanceProperties>
                    <name>descriptionColumn</name>
                    <value>Description</value>
                </componentInstanceProperties>
                <componentInstanceProperties>
                    <name>height</name>
                    <value>700</value>
                </componentInstanceProperties>
                <componentInstanceProperties>
                    <name>isRefresh</name>
                    <value>false</value>
                </componentInstanceProperties>
                <componentInstanceProperties>
                    <name>modalType</name>
                    <value>Pop-Up</value>
                </componentInstanceProperties>
                <componentInstanceProperties>
                    <name>nameColumn</name>
                    <value>Name</value>
                </componentInstanceProperties>
                <componentInstanceProperties>
                    <name>showActionsColumn</name>
                    <value>true</value>
                </componentInstanceProperties>
                <componentInstanceProperties>
                    <name>showDateColumn</name>
                    <value>true</value>
                </componentInstanceProperties>
                <componentInstanceProperties>
                    <name>showFilters</name>
                    <value>true</value>
                </componentInstanceProperties>
                <componentInstanceProperties>
                    <name>showRecordCreation</name>
                    <value>true</value>
                </componentInstanceProperties>
                <componentInstanceProperties>
                    <name>showRefresh</name>
                    <value>true</value>
                </componentInstanceProperties>
                <componentInstanceProperties>
                    <name>showSearch</name>
                    <value>true</value>
                </componentInstanceProperties>
                <componentInstanceProperties>
                    <name>showTypeColumn</name>
                    <value>true</value>
                </componentInstanceProperties>
                <componentInstanceProperties>
                    <name>showcreatedByColumn</name>
                    <value>true</value>
                </componentInstanceProperties>
                <componentInstanceProperties>
                    <name>typeColumn</name>
                    <value>Type/Topic</value>
                </componentInstanceProperties>
                <componentInstanceProperties>
                    <name>wrapDescriptionColumn</name>
                    <value>false</value>
                </componentInstanceProperties>
                <componentInstanceProperties>
                    <name>wrapNameColumn</name>
                    <value>false</value>
                </componentInstanceProperties>
                <componentName>litify_chrono:TimeLineComponent</componentName>
                <identifier>litify_chrono_TimeLineComponent</identifier>
            </componentInstance>
        </itemInstances>
        <name>Facet-a34e0609-4aae-420c-b39f-6b58d58401a8</name>
        <type>Facet</type>
    </flexiPageRegions>
    <flexiPageRegions>
        <itemInstances>
            <componentInstance>
                <componentInstanceProperties>
                    <name>lookupFieldName</name>
                    <value>Id</value>
                </componentInstanceProperties>
                <componentInstanceProperties>
                    <name>titleFieldName</name>
                    <value>NOC &amp; 50H</value>
                </componentInstanceProperties>
                <componentInstanceProperties>
                    <name>updateQuickActionName</name>
                    <value>litify_pm__Matter__c.NOC_50H</value>
                </componentInstanceProperties>
                <componentName>console:relatedRecord</componentName>
                <identifier>console_relatedRecord2</identifier>
                <visibilityRule>
                    <booleanFilter>1 OR 2</booleanFilter>
                    <criteria>
                        <leftValue>{!Record.Type__c}</leftValue>
                        <operator>EQUAL</operator>
                        <rightValue>Civil Rights</rightValue>
                    </criteria>
                    <criteria>
                        <leftValue>{!Record.litify_pm__Display_Name__c}</leftValue>
                        <operator>CONTAINS</operator>
                        <rightValue>(MUNICIPAL</rightValue>
                    </criteria>
                </visibilityRule>
            </componentInstance>
        </itemInstances>
        <itemInstances>
            <componentInstance>
                <componentInstanceProperties>
                    <name>lookupFieldName</name>
                    <value>Id</value>
                </componentInstanceProperties>
                <componentInstanceProperties>
                    <name>titleFieldName</name>
                    <value>Pleadings</value>
                </componentInstanceProperties>
                <componentInstanceProperties>
                    <name>updateQuickActionName</name>
                    <value>litify_pm__Matter__c.Pleadings</value>
                </componentInstanceProperties>
                <componentName>console:relatedRecord</componentName>
                <identifier>console_relatedRecord4</identifier>
            </componentInstance>
        </itemInstances>
        <itemInstances>
            <componentInstance>
                <componentInstanceProperties>
                    <name>lookupFieldName</name>
                    <value>Id</value>
                </componentInstanceProperties>
                <componentInstanceProperties>
                    <name>titleFieldName</name>
                    <value>Discovery</value>
                </componentInstanceProperties>
                <componentInstanceProperties>
                    <name>updateQuickActionName</name>
                    <value>litify_pm__Matter__c.Discovery_Municipal</value>
                </componentInstanceProperties>
                <componentName>console:relatedRecord</componentName>
                <identifier>console_relatedRecord3</identifier>
                <visibilityRule>
                    <criteria>
                        <leftValue>{!Record.Type__c}</leftValue>
                        <operator>EQUAL</operator>
                        <rightValue>Civil Rights</rightValue>
                    </criteria>
                </visibilityRule>
            </componentInstance>
        </itemInstances>
        <itemInstances>
            <componentInstance>
                <componentInstanceProperties>
                    <name>lookupFieldName</name>
                    <value>Id</value>
                </componentInstanceProperties>
                <componentInstanceProperties>
                    <name>titleFieldName</name>
                    <value>Discovery</value>
                </componentInstanceProperties>
                <componentInstanceProperties>
                    <name>updateQuickActionName</name>
                    <value>litify_pm__Matter__c.Preliminary_Conference</value>
                </componentInstanceProperties>
                <componentName>console:relatedRecord</componentName>
                <identifier>console_relatedRecord5</identifier>
                <visibilityRule>
                    <criteria>
                        <leftValue>{!Record.Type__c}</leftValue>
                        <operator>NE</operator>
                        <rightValue>Civil Rights</rightValue>
                    </criteria>
                </visibilityRule>
            </componentInstance>
        </itemInstances>
        <name>Facet-a8b78faf-db37-4099-82cb-00e3c414b440</name>
        <type>Facet</type>
    </flexiPageRegions>
    <flexiPageRegions>
        <itemInstances>
            <componentInstance>
                <componentInstanceProperties>
                    <name>active</name>
                    <value>true</value>
                </componentInstanceProperties>
                <componentInstanceProperties>
                    <name>body</name>
                    <value>Facet-a8b78faf-db37-4099-82cb-00e3c414b440</value>
                </componentInstanceProperties>
                <componentInstanceProperties>
                    <name>title</name>
                    <value>Litigation Dates</value>
                </componentInstanceProperties>
                <componentName>flexipage:tab</componentName>
                <identifier>flexipage_tab3</identifier>
            </componentInstance>
        </itemInstances>
        <name>Facet-a7ccad54-ed89-43ac-bb32-1e237fc1ec2b</name>
        <type>Facet</type>
    </flexiPageRegions>
    <flexiPageRegions>
        <itemInstances>
            <componentInstance>
                <componentInstanceProperties>
                    <name>tabs</name>
                    <value>Facet-a7ccad54-ed89-43ac-bb32-1e237fc1ec2b</value>
                </componentInstanceProperties>
                <componentName>flexipage:tabset</componentName>
                <identifier>flexipage_tabset5</identifier>
            </componentInstance>
        </itemInstances>
        <name>Facet-49b16f5b-3b45-407d-8f76-b923312e7e0e</name>
        <type>Facet</type>
    </flexiPageRegions>
    <flexiPageRegions>
        <itemInstances>
            <componentInstance>
                <componentInstanceProperties>
                    <name>parentFieldApiName</name>
                    <value>litify_pm__Matter__c.Id</value>
                </componentInstanceProperties>
                <componentInstanceProperties>
                    <name>relatedListApiName</name>
                    <value>litify_pm__Negotiations__r</value>
                </componentInstanceProperties>
                <componentInstanceProperties>
                    <name>relatedListComponentOverride</name>
                    <value>ADVGRID</value>
                </componentInstanceProperties>
                <componentInstanceProperties>
                    <name>rowsToDisplay</name>
                    <value>10</value>
                </componentInstanceProperties>
                <componentInstanceProperties>
                    <name>showActionBar</name>
                    <value>true</value>
                </componentInstanceProperties>
                <componentName>force:relatedListSingleContainer</componentName>
                <identifier>force_relatedListSingleContainer4</identifier>
            </componentInstance>
        </itemInstances>
        <name>Facet-07f8503a-b471-4bcf-946c-497838c0ab82</name>
        <type>Facet</type>
    </flexiPageRegions>
    <flexiPageRegions>
        <itemInstances>
            <componentInstance>
                <componentInstanceProperties>
                    <name>height</name>
                    <value>700</value>
                </componentInstanceProperties>
                <componentInstanceProperties>
                    <name>pageName</name>
                    <value>LitigationSheetPDF</value>
                </componentInstanceProperties>
                <componentInstanceProperties>
                    <name>showLabel</name>
                    <value>true</value>
                </componentInstanceProperties>
                <componentName>flexipage:visualforcePage</componentName>
                <identifier>flexipage_visualforcePage</identifier>
                <visibilityRule>
                    <criteria>
                        <leftValue>{!Record.Is_MVA_Case__c}</leftValue>
                        <operator>EQUAL</operator>
                        <rightValue>true</rightValue>
                    </criteria>
                </visibilityRule>
            </componentInstance>
        </itemInstances>
        <itemInstances>
            <componentInstance>
                <componentInstanceProperties>
                    <name>height</name>
                    <value>700</value>
                </componentInstanceProperties>
                <componentInstanceProperties>
                    <name>pageName</name>
                    <value>LitigationSheetLaborLaw</value>
                </componentInstanceProperties>
                <componentInstanceProperties>
                    <name>showLabel</name>
                    <value>true</value>
                </componentInstanceProperties>
                <componentName>flexipage:visualforcePage</componentName>
                <identifier>flexipage_visualforcePage2</identifier>
                <visibilityRule>
                    <criteria>
                        <leftValue>{!Record.Is_MVA_Case__c}</leftValue>
                        <operator>EQUAL</operator>
                        <rightValue>false</rightValue>
                    </criteria>
                </visibilityRule>
            </componentInstance>
        </itemInstances>
        <name>Facet-042eb4b2-1b58-40fb-9127-e03e26b2ecff</name>
        <type>Facet</type>
    </flexiPageRegions>
    <flexiPageRegions>
        <itemInstances>
            <componentInstance>
                <componentInstanceProperties>
                    <name>height</name>
                    <value>700</value>
                </componentInstanceProperties>
                <componentInstanceProperties>
                    <name>pageName</name>
                    <value>DamagesSheetPI</value>
                </componentInstanceProperties>
                <componentInstanceProperties>
                    <name>showLabel</name>
                    <value>true</value>
                </componentInstanceProperties>
                <componentName>flexipage:visualforcePage</componentName>
                <identifier>flexipage_visualforcePage3</identifier>
            </componentInstance>
        </itemInstances>
        <name>Facet-4ad00c62-2fbd-4911-beed-3db70c009038</name>
        <type>Facet</type>
    </flexiPageRegions>
    <flexiPageRegions>
        <itemInstances>
            <componentInstance>
                <componentInstanceProperties>
                    <name>actionNames</name>
                    <valueList>
                        <valueListItems>
                            <value>CustomButton.litify_ext__Deposition__c.New</value>
                        </valueListItems>
                    </valueList>
                </componentInstanceProperties>
                <componentInstanceProperties>
                    <name>adminFilters</name>
                </componentInstanceProperties>
                <componentInstanceProperties>
                    <name>maxRecordsToDisplay</name>
                    <value>10</value>
                </componentInstanceProperties>
                <componentInstanceProperties>
                    <name>parentFieldApiName</name>
                    <value>litify_pm__Matter__c.Id</value>
                </componentInstanceProperties>
                <componentInstanceProperties>
                    <name>relatedListApiName</name>
                    <value>litify_ext__Depositions__r</value>
                </componentInstanceProperties>
                <componentInstanceProperties>
                    <name>relatedListDisplayType</name>
                    <value>ADVGRID</value>
                </componentInstanceProperties>
                <componentInstanceProperties>
                    <name>relatedListFieldAliases</name>
                    <valueList>
                        <valueListItems>
                            <value>NAME</value>
                        </valueListItems>
                        <valueListItems>
                            <value>litify_ext__Deposition_Deadline__c</value>
                        </valueListItems>
                    </valueList>
                </componentInstanceProperties>
                <componentInstanceProperties>
                    <name>relatedListLabel</name>
                    <value>Deposition Directions</value>
                </componentInstanceProperties>
                <componentInstanceProperties>
                    <name>showActionBar</name>
                    <value>true</value>
                </componentInstanceProperties>
                <componentInstanceProperties>
                    <name>sortFieldAlias</name>
                    <value>__DEFAULT__</value>
                </componentInstanceProperties>
                <componentInstanceProperties>
                    <name>sortFieldOrder</name>
                    <value>Default</value>
                </componentInstanceProperties>
                <componentName>lst:dynamicRelatedList</componentName>
                <identifier>lst_dynamicRelatedList</identifier>
            </componentInstance>
        </itemInstances>
        <name>Facet-d96caeb2-9b7e-4f1e-8ddd-00bf23c054ac</name>
        <type>Facet</type>
    </flexiPageRegions>
    <flexiPageRegions>
        <itemInstances>
            <componentInstance>
                <componentInstanceProperties>
                    <name>active</name>
                    <value>true</value>
                </componentInstanceProperties>
                <componentInstanceProperties>
                    <name>body</name>
                    <value>Facet-042eb4b2-1b58-40fb-9127-e03e26b2ecff</value>
                </componentInstanceProperties>
                <componentInstanceProperties>
                    <name>title</name>
                    <value>Litigation Sheet</value>
                </componentInstanceProperties>
                <componentName>flexipage:tab</componentName>
                <identifier>customTab4</identifier>
            </componentInstance>
        </itemInstances>
        <itemInstances>
            <componentInstance>
                <componentInstanceProperties>
                    <name>body</name>
                    <value>Facet-4ad00c62-2fbd-4911-beed-3db70c009038</value>
                </componentInstanceProperties>
                <componentInstanceProperties>
                    <name>title</name>
                    <value>Damages Sheet</value>
                </componentInstanceProperties>
                <componentName>flexipage:tab</componentName>
                <identifier>customTab5</identifier>
            </componentInstance>
        </itemInstances>
        <itemInstances>
            <componentInstance>
                <componentInstanceProperties>
                    <name>body</name>
                    <value>Facet-d96caeb2-9b7e-4f1e-8ddd-00bf23c054ac</value>
                </componentInstanceProperties>
                <componentInstanceProperties>
                    <name>title</name>
                    <value>Depositions</value>
                </componentInstanceProperties>
                <componentName>flexipage:tab</componentName>
                <identifier>flexipage_tab</identifier>
            </componentInstance>
        </itemInstances>
        <name>Facet-3b226d5d-af9f-4cf6-8324-814c1546aa29</name>
        <type>Facet</type>
    </flexiPageRegions>
    <flexiPageRegions>
        <itemInstances>
            <componentInstance>
                <componentInstanceProperties>
                    <name>tabs</name>
                    <value>Facet-3b226d5d-af9f-4cf6-8324-814c1546aa29</value>
                </componentInstanceProperties>
                <componentName>flexipage:tabset</componentName>
                <identifier>flexipage_tabset2</identifier>
            </componentInstance>
        </itemInstances>
        <name>Facet-f486bd7b-7f89-4544-9e05-13e07a2b67de</name>
        <type>Facet</type>
    </flexiPageRegions>
    <flexiPageRegions>
        <itemInstances>
            <componentInstance>
                <componentName>litify_pm:roleViewMain</componentName>
                <identifier>litify_pm_roleViewMain</identifier>
            </componentInstance>
        </itemInstances>
        <name>Facet-583c4c13-8c1e-4001-858b-ef6c5ee59938</name>
        <type>Facet</type>
    </flexiPageRegions>
    <flexiPageRegions>
        <itemInstances>
            <componentInstance>
                <componentInstanceProperties>
                    <name>DefaultPageSize</name>
                    <value>10</value>
                </componentInstanceProperties>
                <componentInstanceProperties>
                    <name>HideOnError</name>
                    <value>true</value>
                </componentInstanceProperties>
                <componentInstanceProperties>
                    <name>PreventResponsiveness</name>
                    <value>false</value>
                </componentInstanceProperties>
                <componentInstanceProperties>
                    <name>SDGConfiguration</name>
                    <value>CustomObject:PI_Resolutions</value>
                </componentInstanceProperties>
                <componentInstanceProperties>
                    <name>SVGName</name>
                    <value>standard:account</value>
                </componentInstanceProperties>
                <componentInstanceProperties>
                    <name>ShowDebug</name>
                    <value>false</value>
                </componentInstanceProperties>
                <componentInstanceProperties>
                    <name>Title</name>
                    <value>Settlement</value>
                </componentInstanceProperties>
                <componentInstanceProperties>
                    <name>UseCache</name>
                    <value>true</value>
                </componentInstanceProperties>
                <componentName>sortablegrid:sdg</componentName>
                <identifier>sortablegrid_sdg</identifier>
            </componentInstance>
        </itemInstances>
        <name>Facet-d08d3556-adbe-42e2-8887-eb1ab14f95ab</name>
        <type>Facet</type>
    </flexiPageRegions>
    <flexiPageRegions>
        <itemInstances>
            <componentInstance>
                <componentInstanceProperties>
                    <name>active</name>
                    <value>true</value>
                </componentInstanceProperties>
                <componentInstanceProperties>
                    <name>body</name>
                    <value>Facet-914bff21-2930-4981-bc7c-0c8e1db548c0</value>
                </componentInstanceProperties>
                <componentInstanceProperties>
                    <name>title</name>
                    <value>Standard.Tab.detail</value>
                </componentInstanceProperties>
                <componentName>flexipage:tab</componentName>
                <identifier>detailTab</identifier>
            </componentInstance>
        </itemInstances>
        <itemInstances>
            <componentInstance>
                <componentInstanceProperties>
                    <name>body</name>
                    <value>Facet-d6b432c1-b5e6-4132-82a2-0501f20aa0e1</value>
                </componentInstanceProperties>
                <componentInstanceProperties>
                    <name>title</name>
                    <value>Plaintiffs</value>
                </componentInstanceProperties>
                <componentName>flexipage:tab</componentName>
                <identifier>customTab6</identifier>
            </componentInstance>
        </itemInstances>
        <itemInstances>
            <componentInstance>
                <componentInstanceProperties>
                    <name>body</name>
                    <value>Facet-f3eefe23-b73d-4ae3-a532-0f7903bb4560</value>
                </componentInstanceProperties>
                <componentInstanceProperties>
                    <name>title</name>
                    <value>Matter Plan</value>
                </componentInstanceProperties>
                <componentName>flexipage:tab</componentName>
                <identifier>customTab7</identifier>
            </componentInstance>
        </itemInstances>
        <itemInstances>
            <componentInstance>
                <componentInstanceProperties>
                    <name>body</name>
                    <value>Facet-git1nuw3n6a</value>
                </componentInstanceProperties>
                <componentInstanceProperties>
                    <name>title</name>
                    <value>Documents</value>
                </componentInstanceProperties>
                <componentName>flexipage:tab</componentName>
                <identifier>customTab8</identifier>
            </componentInstance>
        </itemInstances>
        <itemInstances>
            <componentInstance>
                <componentInstanceProperties>
                    <name>body</name>
                    <value>Facet-a34e0609-4aae-420c-b39f-6b58d58401a8</value>
                </componentInstanceProperties>
                <componentInstanceProperties>
                    <name>title</name>
                    <value>Notes</value>
                </componentInstanceProperties>
                <componentName>flexipage:tab</componentName>
                <identifier>customTab9</identifier>
            </componentInstance>
        </itemInstances>
        <itemInstances>
            <componentInstance>
                <componentInstanceProperties>
                    <name>body</name>
                    <value>Facet-49b16f5b-3b45-407d-8f76-b923312e7e0e</value>
                </componentInstanceProperties>
                <componentInstanceProperties>
                    <name>title</name>
                    <value>Litigation</value>
                </componentInstanceProperties>
                <componentName>flexipage:tab</componentName>
                <identifier>flexipage_tab2</identifier>
            </componentInstance>
        </itemInstances>
        <itemInstances>
            <componentInstance>
                <componentInstanceProperties>
                    <name>body</name>
                    <value>Facet-07f8503a-b471-4bcf-946c-497838c0ab82</value>
                </componentInstanceProperties>
                <componentInstanceProperties>
                    <name>title</name>
                    <value>Negotiation</value>
                </componentInstanceProperties>
                <componentName>flexipage:tab</componentName>
                <identifier>customTab10</identifier>
            </componentInstance>
        </itemInstances>
        <itemInstances>
            <componentInstance>
                <componentInstanceProperties>
                    <name>body</name>
                    <value>Facet-f486bd7b-7f89-4544-9e05-13e07a2b67de</value>
                </componentInstanceProperties>
                <componentInstanceProperties>
                    <name>title</name>
                    <value>Damage/Litigation</value>
                </componentInstanceProperties>
                <componentName>flexipage:tab</componentName>
                <identifier>customTab11</identifier>
            </componentInstance>
        </itemInstances>
        <itemInstances>
            <componentInstance>
                <componentInstanceProperties>
                    <name>body</name>
                    <value>Facet-583c4c13-8c1e-4001-858b-ef6c5ee59938</value>
                </componentInstanceProperties>
                <componentInstanceProperties>
                    <name>title</name>
                    <value>Roles</value>
                </componentInstanceProperties>
                <componentName>flexipage:tab</componentName>
                <identifier>customTab12</identifier>
            </componentInstance>
        </itemInstances>
        <itemInstances>
            <componentInstance>
                <componentInstanceProperties>
                    <name>body</name>
                    <value>Facet-d08d3556-adbe-42e2-8887-eb1ab14f95ab</value>
                </componentInstanceProperties>
                <componentInstanceProperties>
                    <name>title</name>
                    <value>Financial</value>
                </componentInstanceProperties>
                <componentName>flexipage:tab</componentName>
                <identifier>customTab13</identifier>
            </componentInstance>
        </itemInstances>
        <name>Facet-5e1e3ea1-a2b6-48b7-b789-b93b6bd2dbaf</name>
        <type>Facet</type>
    </flexiPageRegions>
    <flexiPageRegions>
        <itemInstances>
            <componentInstance>
                <componentInstanceProperties>
                    <name>tabs</name>
                    <value>Facet-5e1e3ea1-a2b6-48b7-b789-b93b6bd2dbaf</value>
                </componentInstanceProperties>
                <componentName>flexipage:tabset</componentName>
                <identifier>flexipage_tabset3</identifier>
            </componentInstance>
        </itemInstances>
        <name>main</name>
        <type>Region</type>
    </flexiPageRegions>
    <flexiPageRegions>
        <itemInstances>
            <componentInstance>
                <componentName>litify_pm:matterTeam</componentName>
                <identifier>litify_pm_matterTeam</identifier>
            </componentInstance>
        </itemInstances>
        <name>Facet-199bc42d-acd7-4469-8d95-360be9109657</name>
        <type>Facet</type>
    </flexiPageRegions>
    <flexiPageRegions>
        <itemInstances>
            <componentInstance>
                <componentInstanceProperties>
                    <name>showLegacyActivityComposer</name>
                    <value>true</value>
                </componentInstanceProperties>
                <componentName>runtime_sales_activities:activityPanel</componentName>
                <identifier>runtime_sales_activities_activityPanel</identifier>
            </componentInstance>
        </itemInstances>
        <name>Facet-974b1842-9ccf-4f54-9303-338c8ba9e862</name>
        <type>Facet</type>
    </flexiPageRegions>
    <flexiPageRegions>
        <itemInstances>
            <componentInstance>
                <componentName>smagic_conversations</componentName>
                <identifier>c_smagic_conversations</identifier>
            </componentInstance>
        </itemInstances>
        <name>Facet-fc7c5bbf-6b82-4dd9-8c81-d5953d8205fe</name>
        <type>Facet</type>
    </flexiPageRegions>
    <flexiPageRegions>
        <itemInstances>
            <componentInstance>
                <componentInstanceProperties>
                    <name>active</name>
                    <value>true</value>
                </componentInstanceProperties>
                <componentInstanceProperties>
                    <name>body</name>
                    <value>Facet-199bc42d-acd7-4469-8d95-360be9109657</value>
                </componentInstanceProperties>
                <componentInstanceProperties>
                    <name>title</name>
                    <value>Team</value>
                </componentInstanceProperties>
                <componentName>flexipage:tab</componentName>
                <identifier>customTab14</identifier>
            </componentInstance>
        </itemInstances>
        <itemInstances>
            <componentInstance>
                <componentInstanceProperties>
                    <name>active</name>
                    <value>false</value>
                </componentInstanceProperties>
                <componentInstanceProperties>
                    <name>body</name>
                    <value>Facet-974b1842-9ccf-4f54-9303-338c8ba9e862</value>
                </componentInstanceProperties>
                <componentInstanceProperties>
                    <name>title</name>
                    <value>Standard.Tab.activity</value>
                </componentInstanceProperties>
                <componentName>flexipage:tab</componentName>
                <identifier>activityTab</identifier>
            </componentInstance>
        </itemInstances>
        <itemInstances>
            <componentInstance>
                <componentInstanceProperties>
                    <name>body</name>
                    <value>Facet-fc7c5bbf-6b82-4dd9-8c81-d5953d8205fe</value>
                </componentInstanceProperties>
                <componentInstanceProperties>
                    <name>title</name>
                    <value>SMS</value>
                </componentInstanceProperties>
                <componentName>flexipage:tab</componentName>
                <identifier>customTab15</identifier>
            </componentInstance>
        </itemInstances>
        <name>Facet-35fb6138-38bf-4355-aa21-69ef51de9e3b</name>
        <type>Facet</type>
    </flexiPageRegions>
    <flexiPageRegions>
        <!-- <itemInstances>
            <componentInstance>
                <componentName>lexitas:eLaw_eWatchActionsFlowCaller</componentName>
                <identifier>lexitas_eLaw_eWatchActionsFlowCaller</identifier>
            </componentInstance> 
        </itemInstances>-->
        <itemInstances>
            <componentInstance>
                <componentInstanceProperties>
                    <name>parentFieldApiName</name>
                    <value>litify_pm__Matter__c.Id</value>
                </componentInstanceProperties>
                <componentInstanceProperties>
                    <name>relatedListApiName</name>
                    <value>Cases_Litify__r</value>
                </componentInstanceProperties>
                <componentInstanceProperties>
                    <name>relatedListComponentOverride</name>
                    <value>NONE</value>
                </componentInstanceProperties>
                <componentInstanceProperties>
                    <name>rowsToDisplay</name>
                    <value>10</value>
                </componentInstanceProperties>
                <componentInstanceProperties>
                    <name>showActionBar</name>
                    <value>true</value>
                </componentInstanceProperties>
                <componentName>force:relatedListSingleContainer</componentName>
                <identifier>force_relatedListSingleContainer1</identifier>
            </componentInstance>
        </itemInstances>
        <itemInstances>
            <componentInstance>
                <componentInstanceProperties>
                    <name>tabs</name>
                    <value>Facet-35fb6138-38bf-4355-aa21-69ef51de9e3b</value>
                </componentInstanceProperties>
                <componentName>flexipage:tabset</componentName>
                <identifier>flexipage_tabset4</identifier>
            </componentInstance>
        </itemInstances>
        <name>sidebar</name>
        <type>Region</type>
    </flexiPageRegions>
    <masterLabel>PI_MULTIPLE</masterLabel>
    <sobjectType>litify_pm__Matter__c</sobjectType>
    <template>
        <name>flexipage:recordHomeTemplateDesktop</name>
    </template>
    <type>RecordPage</type>
</FlexiPage>
