<?xml version="1.0" encoding="UTF-8"?>
<PermissionSet xmlns="http://soap.sforce.com/2006/04/metadata">
    <externalCredentialPrincipalAccesses>
        <enabled>true</enabled>
        <externalCredentialPrincipal>lexitas__PM_LEGAL_PRODUCTION-Client</externalCredentialPrincipal>
    </externalCredentialPrincipalAccesses>
    <externalCredentialPrincipalAccesses>
        <enabled>true</enabled>
        <externalCredentialPrincipal>lexitas__PM_LEGAL_STAGING-Client</externalCredentialPrincipal>
    </externalCredentialPrincipalAccesses>
    <externalCredentialPrincipalAccesses>
        <enabled>true</enabled>
        <externalCredentialPrincipal>lexitas__eLawAPI-User</externalCredentialPrincipal>
    </externalCredentialPrincipalAccesses>
    <hasActivationRequired>false</hasActivationRequired>
    <label>eLaw API Access</label>
</PermissionSet>
